numero_commande;transporteur;lien_tracking;date_prevue;statut_brut;statut_normalise;jours_retard;date_livraison_reelle;date_extraction
EX26156b;EVT;;2026-09-17;;En retard;15;;2026-10-02 12:43
EXSA26174;UPS;https://www.ups.com/track?loc=fr_FR&tracknum=1Z4V5E800427147238&requester=UPSHome/trackdetails;2026-09-24;[ERREUR: RuntimeError];En retard;8;;2026-10-02 12:44
FR26957c;SPD;https://www.speed-distribution.fr/veolog?code=3016612090015FBL&tn=FR26957c;2026-09-24;[ERREUR: RuntimeError];En retard;8;;2026-10-02 12:52
FR26968;SPD;https://www.speed-distribution.fr/veolog?code=3016612090015FBL&tn=FR26968;2026-09-28;[ERREUR: RuntimeError];En retard;4;;2026-10-02 13:00
FR26976;SPD;https://www.speed-distribution.fr/veolog?code=3016612090015FBL&tn=FR26976;2026-09-28;[ERREUR: RuntimeError];En retard;4;;2026-10-02 13:08
SA26225e;SPD;https://www.speed-distribution.fr/veolog?code=3016612090015FBL&tn=SA26225e;2026-09-30;[ERREUR: RuntimeError];En retard;2;;2026-10-02 13:16
SA26226;JOY;https://eschenker.dbschenker.com/app/tracking-public/?language_region=fr-FR_FR&refType=ShippersRefNo&uiMode=&refNumber=guCojvGrYezCCYUhJ;2026-10-01;;En retard;1;;2026-10-02 13:16
FR26983;HEP;https://myportal.heppner-group.com/tracking/RlIyNjk4MyYxNDE1MCZGUg%3D%3D;2026-10-01;mise en livraison;En cours;0;;2026-10-02 13:16
SA26229;JOY;https://eschenker.dbschenker.com/app/tracking-public/?language_region=fr-FR_FR&refType=ShippersRefNo&uiMode=&refNumber=rLZxaejCr2LfC6865;2026-10-02;en cours de livraison;En cours;0;;2026-10-02 13:16
SA26227b;HEP;https://myportal.heppner-group.com/tracking/U0EyNjIyN2ImMzMxMTAmRlI%3D;2026-10-02;;À vérifier;0;;2026-10-02 13:16
FR26993;SPD;https://www.speed-distribution.fr/veolog?code=3016612090015FBL&tn=FR26993;2026-10-02;[ERREUR: RuntimeError];À vérifier;0;;2026-10-02 13:24
FR26997;SPD;https://www.speed-distribution.fr/veolog?code=3016612090015FBL&tn=FR26997;2026-10-02;[ERREUR: RuntimeError];À vérifier;0;;2026-10-02 13:32
SA26228;SPD;https://www.speed-distribution.fr/veolog?code=3016612090015FBL&tn=SA26228;2026-10-02;[ERREUR: RuntimeError];À vérifier;0;;2026-10-02 13:40
FR26995;SPD;https://www.speed-distribution.fr/veolog?code=3016612090015FBL&tn=FR26995;2026-10-05;[ERREUR: RuntimeError];À vérifier;0;;2026-10-02 13:48
FR26992;VCV;http://vcv.teliway.com/suivicolis-0b31d1c81c2f29eaf6c8333d3f5ccaf8-VEO-FBL&sReference=KNIdcAqtMyw5rlSFb;2026-10-05;en livraison;En cours;0;;2026-10-02 13:48
FR26994;SPD;https://www.speed-distribution.fr/veolog?code=3016612090015FBL&tn=FR26994;2026-10-05;[ERREUR: RuntimeError];À vérifier;0;;2026-10-02 13:56
FR26996;HEP;https://myportal.heppner-group.com/tracking/RlIyNjk5NiY1OTkxMCZGUg%3D%3D;2026-10-05;mise en livraison;En cours;0;;2026-10-02 13:56
FR26999;HEP;https://myportal.heppner-group.com/tracking/RlIyNjk5OSY2MjI4MCZGUg%3D%3D;2026-10-06;mise en livraison;En cours;0;;2026-10-02 13:56
SA26230;HEP;https://myportal.heppner-group.com/tracking/U0EyNjIzMCY3NjIwMCZGUg%3D%3D;2026-10-06;mise en livraison;En cours;0;;2026-10-02 13:56
SAMA26118;SPD;https://www.speed-distribution.fr/veolog?code=3016612090015FBL&tn=SAMA26118;2026-10-07;[ERREUR: RuntimeError];À vérifier;0;;2026-10-02 14:04
FR26991;JOY;https://eschenker.dbschenker.com/app/tracking-public/?language_region=fr-FR_FR&refType=ShippersRefNo&uiMode=&refNumber=kKZ0BAxGXvqsf5ScP;2026-10-07;en livraison;En cours;0;;2026-10-02 14:04
EX26195;DHL;;2026-10-12;;À vérifier;0;;2026-10-02 14:04
